rank,file,t_sec,score,U,A,D,n_boxes,n_ambiguous,empty,selected
1,frame_0070.jpg,28.0,0.7427,0.4853,1.0,1.0,4,4,False,True
2,frame_0031.jpg,12.4,0.7248,0.4495,1.0,1.0,7,4,False,True
3,frame_0009.jpg,3.6,0.7,0.0,0.0,1.0,0,0,True,True
4,frame_0376.jpg,150.4,0.683,0.7021,1.0,0.16,6,4,False,True
5,frame_0030.jpg,12.0,0.6823,0.3645,1.0,1.0,5,4,False,False
6,frame_0286.jpg,114.4,0.6577,0.4594,1.0,0.64,6,4,False,True
7,frame_0073.jpg,29.2,0.615,0.3801,0.75,1.0,4,3,False,False
8,frame_0072.jpg,28.8,0.608,0.366,0.75,1.0,6,3,False,False
9,frame_0125.jpg,50.0,0.5986,0.4591,0.75,0.72,3,3,False,True
10,frame_0129.jpg,51.6,0.579,0.5059,0.5,0.88,3,2,False,False
11,frame_0132.jpg,52.8,0.5674,0.4347,0.5,1.0,2,2,False,True
12,frame_0127.jpg,50.8,0.5658,0.3617,0.75,0.8,7,3,False,False
13,frame_0210.jpg,84.0,0.5598,0.5477,0.5,0.68,3,2,False,True
14,frame_0289.jpg,115.6,0.5567,0.3594,0.75,0.76,5,3,False,False
15,frame_0079.jpg,31.6,0.5532,0.3364,0.75,0.8,5,3,False,True
16,frame_0224.jpg,89.6,0.543,0.5879,0.75,0.12,4,3,False,True
17,frame_0321.jpg,128.4,0.5411,0.4022,1.0,0.2,5,4,False,True
18,frame_0071.jpg,28.4,0.5361,0.3722,0.5,1.0,7,2,False,False
19,frame_0332.jpg,132.8,0.5303,0.4447,1.0,0.04,5,4,False,True
20,frame_0287.jpg,114.8,0.5164,0.4609,0.5,0.68,4,2,False,False
21,frame_0021.jpg,8.4,0.5156,0.3313,0.5,1.0,3,2,False,False
22,frame_0298.jpg,119.2,0.5104,0.3468,0.75,0.56,4,3,False,False
23,frame_0290.jpg,116.0,0.5093,0.3987,0.5,0.8,3,2,False,False
24,frame_0075.jpg,30.0,0.5087,0.3333,0.5,0.96,4,2,False,False
25,frame_0023.jpg,9.2,0.5063,0.3125,0.5,1.0,4,2,False,False
26,frame_0284.jpg,113.6,0.5052,0.3364,0.75,0.56,6,3,False,False
27,frame_0219.jpg,87.6,0.5045,0.4309,0.75,0.32,4,3,False,False
28,frame_0330.jpg,132.0,0.4966,0.3772,1.0,0.04,5,4,False,False
29,frame_0008.jpg,3.2,0.4962,0.4424,0.25,1.0,1,1,False,False
30,frame_0019.jpg,7.6,0.4948,0.4396,0.25,1.0,1,1,False,False
31,frame_0033.jpg,13.2,0.4922,0.2844,0.5,1.0,5,2,False,False
32,frame_0067.jpg,26.8,0.4917,0.2834,0.5,1.0,7,2,False,False
33,frame_0069.jpg,27.6,0.4901,0.2801,0.5,1.0,5,2,False,False
34,frame_0377.jpg,150.8,0.4894,0.4808,0.75,0.12,9,3,False,False
35,frame_0126.jpg,50.4,0.488,0.3721,0.5,0.76,6,2,False,False
36,frame_0004.jpg,1.6,0.4864,0.2729,0.5,1.0,3,2,False,False
37,frame_0288.jpg,115.2,0.4841,0.3802,0.5,0.72,5,2,False,False
38,frame_0000.jpg,0.0,0.4834,0.2668,0.5,1.0,8,2,False,False
39,frame_0291.jpg,116.4,0.4824,0.3287,0.5,0.84,5,2,False,False
40,frame_0204.jpg,81.6,0.4756,0.3791,0.5,0.68,3,2,False,False
41,frame_0207.jpg,82.8,0.4754,0.3307,0.5,0.8,3,2,False,False
42,frame_0124.jpg,49.6,0.4693,0.3666,0.5,0.68,4,2,False,False
43,frame_0128.jpg,51.2,0.4634,0.2908,0.5,0.84,6,2,False,False
44,frame_0295.jpg,118.0,0.4612,0.3504,0.5,0.68,2,2,False,False
45,frame_0387.jpg,154.8,0.4579,0.3858,0.75,0.2,7,3,False,False
46,frame_0184.jpg,73.6,0.4569,0.4318,0.75,0.08,4,3,False,False
47,frame_0375.jpg,150.0,0.4569,0.3839,0.75,0.2,6,3,False,False
48,frame_0316.jpg,126.4,0.4567,0.3994,0.75,0.16,5,3,False,False
49,frame_0076.jpg,30.4,0.4546,0.2412,0.5,0.92,6,2,False,False
50,frame_0285.jpg,114.0,0.4529,0.3659,0.5,0.6,5,2,False,False
51,frame_0214.jpg,85.6,0.4486,0.3891,0.5,0.52,3,2,False,False
52,frame_0320.jpg,128.0,0.4476,0.3492,0.75,0.24,4,3,False,False
53,frame_0012.jpg,4.8,0.4453,0.3406,0.25,1.0,1,1,False,False
54,frame_0203.jpg,81.2,0.4447,0.3335,0.5,0.64,4,2,False,False
55,frame_0123.jpg,49.2,0.4438,0.3316,0.5,0.64,4,2,False,False
56,frame_0013.jpg,5.2,0.4424,0.3347,0.25,1.0,2,1,False,False
57,frame_0397.jpg,158.8,0.4395,0.3491,0.75,0.2,6,3,False,False
58,frame_0328.jpg,131.2,0.439,0.396,0.75,0.08,7,3,False,False
59,frame_0098.jpg,39.2,0.4379,0.5598,0.5,0.04,2,2,False,False
60,frame_0084.jpg,33.6,0.4345,0.3289,0.5,0.6,2,2,False,False
61,frame_0130.jpg,52.0,0.4341,0.3501,0.25,0.92,3,1,False,False
62,frame_0327.jpg,130.8,0.4313,0.3966,0.75,0.04,8,3,False,False
63,frame_0111.jpg,44.4,0.4303,0.4966,0.5,0.16,2,2,False,False
64,frame_0095.jpg,38.0,0.4271,0.3402,0.75,0.16,5,3,False,False
65,frame_0177.jpg,70.8,0.4271,0.3242,0.75,0.2,5,3,False,False
66,frame_0276.jpg,110.4,0.4238,0.3016,0.75,0.24,5,3,False,False
67,frame_0029.jpg,11.6,0.423,0.2961,0.25,1.0,4,1,False,False
68,frame_0208.jpg,83.2,0.4209,0.3878,0.25,0.76,3,1,False,False
69,frame_0275.jpg,110.0,0.4207,0.3115,0.75,0.2,4,3,False,False
70,frame_0368.jpg,147.2,0.4188,0.3716,0.75,0.04,7,3,False,False
71,frame_0322.jpg,128.8,0.4183,0.4725,0.5,0.16,3,2,False,False
72,frame_0209.jpg,83.6,0.4178,0.5476,0.0,0.72,2,0,False,False
73,frame_0229.jpg,91.6,0.4171,0.3521,0.75,0.08,8,3,False,False
74,frame_0167.jpg,66.8,0.4152,0.2903,0.5,0.6,4,2,False,False
75,frame_0292.jpg,116.8,0.4143,0.3586,0.25,0.8,4,1,False,False
76,frame_0205.jpg,82.0,0.4116,0.2353,0.5,0.72,4,2,False,False
77,frame_0185.jpg,74.0,0.4104,0.3389,0.75,0.08,6,3,False,False
78,frame_0217.jpg,86.8,0.41,0.3601,0.5,0.4,3,2,False,False
79,frame_0213.jpg,85.2,0.4093,0.2946,0.5,0.56,3,2,False,False
80,frame_0393.jpg,157.2,0.4055,0.3451,0.75,0.04,3,3,False,False
81,frame_0018.jpg,7.2,0.4051,0.2601,0.25,1.0,3,1,False,False
82,frame_0133.jpg,53.2,0.4008,0.2516,0.25,1.0,5,1,False,False
83,frame_0283.jpg,113.2,0.3999,0.2918,0.5,0.52,5,2,False,False
84,frame_0001.jpg,0.4,0.399,0.2479,0.25,1.0,4,1,False,False
85,frame_0215.jpg,86.0,0.3974,0.3029,0.5,0.48,4,2,False,False
86,frame_0302.jpg,120.8,0.3968,0.3337,0.5,0.4,3,2,False,False
87,frame_0202.jpg,80.8,0.3958,0.2517,0.5,0.6,4,2,False,False
88,frame_0183.jpg,73.2,0.3931,0.3203,0.75,0.04,4,3,False,False
89,frame_0131.jpg,52.4,0.3926,0.2513,0.25,0.96,4,1,False,False
90,frame_0374.jpg,149.6,0.3913,0.4026,0.5,0.2,4,2,False,False
91,frame_0020.jpg,8.0,0.3911,0.2322,0.25,1.0,3,1,False,False
92,frame_0074.jpg,29.6,0.3906,0.2313,0.25,1.0,6,1,False,False
93,frame_0120.jpg,48.0,0.3893,0.2706,0.5,0.52,3,2,False,False
94,frame_0068.jpg,27.2,0.3891,0.2281,0.25,1.0,4,1,False,False
95,frame_0174.jpg,69.6,0.3889,0.3498,0.5,0.32,5,2,False,False
96,frame_0307.jpg,122.8,0.3879,0.2457,0.75,0.2,5,3,False,False
97,frame_0168.jpg,67.2,0.3878,0.2516,0.5,0.56,5,2,False,False
98,frame_0226.jpg,90.4,0.3874,0.4589,0.5,0.04,3,2,False,False
99,frame_0117.jpg,46.8,0.3865,0.3129,0.5,0.4,9,2,False,False
100,frame_0015.jpg,6.0,0.3861,0.2223,0.25,1.0,4,1,False,False
101,frame_0300.jpg,120.0,0.3848,0.2775,0.5,0.48,4,2,False,False
102,frame_0211.jpg,84.4,0.3846,0.3633,0.25,0.64,3,1,False,False
103,frame_0032.jpg,12.8,0.3841,0.2182,0.25,1.0,6,1,False,False
104,frame_0212.jpg,84.8,0.3839,0.3778,0.25,0.6,2,1,False,False
105,frame_0279.jpg,111.6,0.3775,0.3109,0.5,0.36,3,2,False,False
106,frame_0116.jpg,46.4,0.3765,0.3091,0.5,0.36,7,2,False,False
107,frame_0118.jpg,47.2,0.3763,0.2765,0.5,0.44,4,2,False,False
108,frame_0228.jpg,91.2,0.3763,0.2867,0.75,0.04,5,3,False,False
109,frame_0329.jpg,131.6,0.3761,0.4203,0.5,0.08,8,2,False,False
110,frame_0115.jpg,46.0,0.3755,0.3231,0.5,0.32,4,2,False,False
111,frame_0028.jpg,11.2,0.3739,0.1978,0.25,1.0,3,1,False,False
112,frame_0206.jpg,82.4,0.3715,0.289,0.25,0.76,2,1,False,False
113,frame_0112.jpg,44.8,0.367,0.354,0.5,0.2,3,2,False,False
114,frame_0024.jpg,9.6,0.3657,0.1814,0.25,1.0,5,1,False,False
115,frame_0175.jpg,70.0,0.365,0.3181,0.5,0.28,7,2,False,False
116,frame_0173.jpg,69.2,0.3643,0.2845,0.5,0.36,4,2,False,False
117,frame_0022.jpg,8.8,0.3641,0.1783,0.25,1.0,4,1,False,False
118,frame_0191.jpg,76.4,0.3634,0.3627,0.5,0.16,2,2,False,False
119,frame_0301.jpg,120.4,0.3617,0.2474,0.5,0.44,6,2,False,False
120,frame_0293.jpg,117.2,0.3588,0.2635,0.25,0.76,3,1,False,False
121,frame_0315.jpg,126.0,0.3565,0.3649,0.5,0.12,6,2,False,False
122,frame_0200.jpg,80.0,0.3564,0.3548,0.25,0.52,1,1,False,False
123,frame_0232.jpg,92.8,0.3548,0.3297,0.5,0.2,4,2,False,False
124,frame_0078.jpg,31.2,0.3508,0.2156,0.25,0.84,5,1,False,False
125,frame_0080.jpg,32.0,0.3498,0.2456,0.25,0.76,3,1,False,False
126,frame_0313.jpg,125.2,0.3469,0.3779,0.5,0.04,2,2,False,False
127,frame_0367.jpg,146.8,0.3428,0.3537,0.5,0.08,8,2,False,False
128,frame_0277.jpg,110.8,0.3412,0.2703,0.5,0.28,6,2,False,False
129,frame_0384.jpg,153.6,0.3357,0.3073,0.5,0.16,3,2,False,False
130,frame_0296.jpg,118.4,0.3345,0.2629,0.25,0.64,3,1,False,False
131,frame_0297.jpg,118.8,0.3319,0.2739,0.25,0.6,3,1,False,False
132,frame_0106.jpg,42.4,0.3314,0.3468,0.5,0.04,6,2,False,False
133,frame_0309.jpg,123.6,0.3313,0.3146,0.5,0.12,5,2,False,False
134,frame_0081.jpg,32.4,0.3311,0.2242,0.25,0.72,4,1,False,False
135,frame_0114.jpg,45.6,0.3311,0.2503,0.5,0.28,4,2,False,False
136,frame_0216.jpg,86.4,0.3289,0.3318,0.25,0.44,4,1,False,False
137,frame_0223.jpg,89.2,0.3281,0.2922,0.5,0.16,5,2,False,False
138,frame_0317.jpg,126.8,0.3266,0.2732,0.5,0.2,6,2,False,False
139,frame_0176.jpg,70.4,0.326,0.2559,0.5,0.24,6,2,False,False
140,frame_0333.jpg,133.2,0.3255,0.3189,0.5,0.08,6,2,False,False
141,frame_0230.jpg,92.0,0.3251,0.3022,0.5,0.12,6,2,False,False
142,frame_0089.jpg,35.6,0.3206,0.3313,0.25,0.4,3,1,False,False
143,frame_0319.jpg,127.6,0.3197,0.2274,0.5,0.28,5,2,False,False
144,frame_0281.jpg,112.4,0.3194,0.3128,0.25,0.44,3,1,False,False
145,frame_0381.jpg,152.4,0.3191,0.3221,0.5,0.04,4,2,False,False
146,frame_0101.jpg,40.4,0.3155,0.2989,0.5,0.08,4,2,False,False
147,frame_0218.jpg,87.2,0.3138,0.3335,0.25,0.36,3,1,False,False
148,frame_0294.jpg,117.6,0.3133,0.1886,0.25,0.72,4,1,False,False
149,frame_0006.jpg,2.4,0.31,0.2199,0.0,1.0,2,0,False,False
150,frame_0025.jpg,10.0,0.3097,0.2194,0.0,1.0,1,0,False,False
151,frame_0121.jpg,48.4,0.3085,0.243,0.25,0.56,4,1,False,False
152,frame_0169.jpg,67.6,0.3077,0.2574,0.25,0.52,4,1,False,False
153,frame_0090.jpg,36.0,0.3047,0.3153,0.25,0.36,3,1,False,False
154,frame_0005.jpg,2.0,0.3041,0.2082,0.0,1.0,2,0,False,False
155,frame_0119.jpg,47.6,0.3027,0.2634,0.25,0.48,4,1,False,False
156,frame_0396.jpg,158.4,0.302,0.24,0.5,0.16,6,2,False,False
157,frame_0233.jpg,93.2,0.3001,0.2042,0.5,0.24,5,2,False,False
158,frame_0007.jpg,2.8,0.2999,0.1998,0.0,1.0,2,0,False,False
159,frame_0220.jpg,88.0,0.2952,0.3284,0.25,0.28,5,1,False,False
160,frame_0370.jpg,148.0,0.2945,0.273,0.5,0.04,6,2,False,False
161,frame_0278.jpg,111.2,0.2942,0.3103,0.25,0.32,5,1,False,False
162,frame_0086.jpg,34.4,0.2941,0.2301,0.25,0.52,4,1,False,False
163,frame_0011.jpg,4.4,0.2932,0.1863,0.0,1.0,3,0,False,False
164,frame_0373.jpg,149.2,0.2929,0.2218,0.5,0.16,6,2,False,False
165,frame_0170.jpg,68.0,0.2923,0.2425,0.25,0.48,4,1,False,False
166,frame_0109.jpg,43.6,0.2913,0.2505,0.5,0.08,7,2,False,False
167,frame_0087.jpg,34.8,0.2898,0.2377,0.25,0.48,3,1,False,False
168,frame_0017.jpg,6.8,0.2893,0.1786,0.0,1.0,2,0,False,False
169,frame_0026.jpg,10.4,0.2886,0.1771,0.0,1.0,4,0,False,False
170,frame_0271.jpg,108.4,0.2882,0.2604,0.5,0.04,4,2,False,False
171,frame_0196.jpg,78.4,0.2868,0.2797,0.25,0.36,2,1,False,False
172,frame_0105.jpg,42.0,0.2857,0.2394,0.5,0.08,4,2,False,False
173,frame_0010.jpg,4.0,0.284,0.168,0.0,1.0,1,0,False,False
174,frame_0113.jpg,45.2,0.2831,0.3203,0.25,0.24,2,1,False,False
175,frame_0003.jpg,1.2,0.2824,0.1648,0.0,1.0,4,0,False,False
176,frame_0027.jpg,10.8,0.2822,0.1643,0.0,1.0,4,0,False,False
177,frame_0002.jpg,0.8,0.2809,0.1617,0.0,1.0,4,0,False,False
178,frame_0077.jpg,30.8,0.2807,0.2095,0.0,0.88,6,0,False,False
179,frame_0195.jpg,78.0,0.2777,0.2775,0.25,0.32,2,1,False,False
180,frame_0016.jpg,6.4,0.2749,0.1498,0.0,1.0,5,0,False,False
181,frame_0280.jpg,112.0,0.2746,0.2391,0.25,0.4,5,1,False,False
182,frame_0282.jpg,112.8,0.2744,0.2069,0.25,0.48,4,1,False,False
183,frame_0378.jpg,151.2,0.2733,0.3646,0.25,0.08,8,1,False,False
184,frame_0388.jpg,155.2,0.2726,0.3313,0.25,0.16,7,1,False,False
185,frame_0014.jpg,5.6,0.2717,0.1433,0.0,1.0,3,0,False,False
186,frame_0193.jpg,77.2,0.2642,0.2825,0.25,0.24,3,1,False,False
187,frame_0305.jpg,122.0,0.2633,0.2647,0.25,0.28,3,1,False,False
188,frame_0398.jpg,159.2,0.2613,0.2766,0.25,0.24,5,1,False,False
189,frame_0306.jpg,122.4,0.2573,0.2686,0.25,0.24,5,1,False,False
190,frame_0303.jpg,121.2,0.2571,0.2201,0.25,0.36,3,1,False,False
191,frame_0172.jpg,68.8,0.2568,0.2036,0.25,0.4,3,1,False,False
192,frame_0386.jpg,154.4,0.2538,0.2616,0.25,0.24,5,1,False,False
193,frame_0178.jpg,71.2,0.2523,0.2906,0.25,0.16,6,1,False,False
194,frame_0225.jpg,90.0,0.249,0.316,0.25,0.08,5,1,False,False
195,frame_0304.jpg,121.6,0.244,0.21,0.25,0.32,4,1,False,False
196,frame_0231.jpg,92.4,0.2407,0.2674,0.25,0.16,6,1,False,False
197,frame_0221.jpg,88.4,0.2394,0.2328,0.25,0.24,5,1,False,False
198,frame_0389.jpg,155.6,0.236,0.274,0.25,0.12,7,1,False,False
199,frame_0100.jpg,40.0,0.2355,0.305,0.25,0.04,3,1,False,False
200,frame_0390.jpg,156.0,0.2349,0.2877,0.25,0.08,9,1,False,False
201,frame_0310.jpg,124.0,0.2331,0.2842,0.25,0.08,3,1,False,False
202,frame_0192.jpg,76.8,0.2327,0.2355,0.25,0.2,4,1,False,False
203,frame_0186.jpg,74.4,0.2306,0.2952,0.25,0.04,6,1,False,False
204,frame_0274.jpg,109.6,0.2297,0.2455,0.25,0.16,4,1,False,False
205,frame_0181.jpg,72.4,0.2292,0.2923,0.25,0.04,3,1,False,False
206,frame_0318.jpg,127.2,0.2291,0.2122,0.25,0.24,7,1,False,False
207,frame_0323.jpg,129.2,0.2288,0.2597,0.25,0.12,5,1,False,False
208,frame_0273.jpg,109.2,0.2271,0.2562,0.25,0.12,4,1,False,False
209,frame_0314.jpg,125.6,0.2271,0.2721,0.25,0.08,5,1,False,False
210,frame_0308.jpg,123.2,0.227,0.24,0.25,0.16,5,1,False,False
211,frame_0299.jpg,119.6,0.2268,0.2455,0.0,0.52,3,0,False,False
212,frame_0190.jpg,76.0,0.2261,0.2543,0.25,0.12,2,1,False,False
213,frame_0372.jpg,148.8,0.2257,0.2534,0.25,0.12,4,1,False,False
214,frame_0198.jpg,79.2,0.2243,0.2726,0.0,0.44,2,0,False,False
215,frame_0385.jpg,154.0,0.2224,0.2147,0.25,0.2,3,1,False,False
216,frame_0104.jpg,41.6,0.2206,0.2433,0.25,0.12,2,1,False,False
217,frame_0096.jpg,38.4,0.2201,0.2422,0.25,0.12,4,1,False,False
218,frame_0395.jpg,158.0,0.2189,0.2398,0.25,0.12,5,1,False,False
219,frame_0082.jpg,32.8,0.2185,0.1649,0.0,0.68,3,0,False,False
220,frame_0094.jpg,37.6,0.2155,0.2009,0.25,0.2,5,1,False,False
221,frame_0383.jpg,153.2,0.2138,0.2297,0.25,0.12,3,1,False,False
222,frame_0108.jpg,43.2,0.2065,0.2469,0.25,0.04,5,1,False,False
223,frame_0083.jpg,33.2,0.2024,0.1487,0.0,0.64,3,0,False,False
224,frame_0085.jpg,34.0,0.2024,0.1807,0.0,0.56,3,0,False,False
225,frame_0394.jpg,157.6,0.2024,0.2228,0.25,0.08,6,1,False,False
226,frame_0102.jpg,40.8,0.1968,0.1957,0.25,0.12,5,1,False,False
227,frame_0325.jpg,130.0,0.1938,0.2216,0.25,0.04,4,1,False,False
228,frame_0391.jpg,156.4,0.193,0.2201,0.25,0.04,6,1,False,False
229,frame_0267.jpg,106.8,0.1921,0.1862,0.25,0.12,4,1,False,False
230,frame_0269.jpg,107.6,0.1918,0.2175,0.25,0.04,5,1,False,False
231,frame_0382.jpg,152.8,0.1916,0.2012,0.25,0.08,4,1,False,False
232,frame_0199.jpg,79.6,0.1852,0.1784,0.0,0.48,2,0,False,False
233,frame_0197.jpg,78.8,0.1833,0.2065,0.0,0.4,2,0,False,False
234,frame_0201.jpg,80.4,0.183,0.142,0.0,0.56,3,0,False,False
235,frame_0122.jpg,48.8,0.1787,0.1173,0.0,0.6,4,0,False,False
236,frame_0171.jpg,68.4,0.1766,0.1771,0.0,0.44,2,0,False,False
237,frame_0088.jpg,35.2,0.1747,0.1734,0.0,0.44,4,0,False,False
238,frame_0092.jpg,36.8,0.1603,0.2085,0.0,0.28,2,0,False,False
239,frame_0399.jpg,159.6,0.157,0.2019,0.0,0.28,2,0,False,False
240,frame_0188.jpg,75.2,0.1424,0.2688,0.0,0.04,2,0,False,False
241,frame_0091.jpg,36.4,0.1308,0.1335,0.0,0.32,3,0,False,False
242,frame_0103.jpg,41.2,0.1259,0.1877,0.0,0.16,5,0,False,False
243,frame_0194.jpg,77.6,0.1259,0.1397,0.0,0.28,4,0,False,False
244,frame_0222.jpg,88.8,0.122,0.164,0.0,0.2,5,0,False,False
245,frame_0324.jpg,129.6,0.1161,0.2001,0.0,0.08,6,0,False,False
246,frame_0371.jpg,148.4,0.1154,0.1988,0.0,0.08,6,0,False,False
247,frame_0379.jpg,151.6,0.1154,0.2147,0.0,0.04,5,0,False,False
248,frame_0093.jpg,37.2,0.1152,0.1343,0.0,0.24,3,0,False,False
249,frame_0189.jpg,75.6,0.1134,0.1947,0.0,0.08,3,0,False,False
250,frame_0179.jpg,71.6,0.1099,0.1718,0.0,0.12,7,0,False,False
251,frame_0110.jpg,44.0,0.1092,0.1704,0.0,0.12,3,0,False,False
252,frame_0097.jpg,38.8,0.1081,0.1841,0.0,0.08,4,0,False,False
253,frame_0272.jpg,108.8,0.0998,0.1677,0.0,0.08,2,0,False,False
254,frame_0268.jpg,107.2,0.0969,0.1617,0.0,0.08,4,0,False,False
255,frame_0311.jpg,124.4,0.0885,0.1609,0.0,0.04,4,0,False,False
256,frame_0180.jpg,72.0,0.0877,0.1433,0.0,0.08,3,0,False,False
